<?xml version="1.0" encoding="UTF-8"?>
<!--

       Copyright 2009-2019 the original author or authors.

       Licensed under the Apache License, Version 2.0 (the "License");
       you may not use this file except in compliance with the License.
       You may obtain a copy of the License at

          http://www.apache.org/licenses/LICENSE-2.0

       Unless required by applicable law or agreed to in writing, software
       distributed under the License is distributed on an "AS IS" BASIS,
       WITHOUT WARRANTIES OR CONDITIONS OF ANY KIND, either express or implied.
       See the License for the specific language governing permissions and
       limitations under the License.

-->
<document xmlns="http://maven.apache.org/XDOC/2.0" xmlns:xsi="http://www.w3.org/2001/XMLSchema-instance"
  xsi:schemaLocation="http://maven.apache.org/XDOC/2.0 http://maven.apache.org/xsd/xdoc-2.0.xsd">

  <properties>
    <title>MyBatis 3 | 简介</title>
    <author email="clinton.begin@gmail.com">Clinton Begin</author>
    <author email="nanlei1987@gmail.com">Nan Lei</author>
    <author email="echowdx@gmail.com">Dongxu Wang</author>
  </properties>

  <body>
    <section name="简介">
      <subsection name="什么是 MyBatis？">
        <p>MyBatis 是一款优秀的持久层框架，它支持自定义 SQL、存储过程以及高级映射。MyBatis
        免除了几乎所有的 JDBC 代码以及设置参数和获取结果集的工作。MyBatis
        可以通过简单的 XML 或注解来配置和映射原始类型、接口和 Java POJO（Plain Old
        Java Objects，普通老式 Java 对象）为数据库中的记录。</p>
      </subsection>

      <subsection name="帮助改进文档...">
        <p>如果你发现文档有任何的遗漏，或缺少某一个功能点的说明，最好的解决办法是先自己学习，然后为遗漏的部份补上相应的文档。</p>
        <p>该文档 xdoc 格式的源码文件可通过<a
        href="https://github.com/mybatis/mybatis-3/tree/master/src/site">项目的
        Git 代码库</a>来获取。复刻该源码库，作出更新，并提交 Pull Request 吧。</p>
        <p>还有其他像你一样的人都需要阅读这份文档，而你，就是这份文档最好的作者。
        </p>
      </subsection>

      <subsection name="文档的翻译版本">
        <p>您可以阅读 MyBatis 文档的其他语言版本：</p>
        <ul class="i18n">
          <li class="en"><a href="../index.html">English</a></li>
          <li class="es"><a href="../es/index.html">Español</a></li>
          <!--      <li class="fr"><a href="./fr/index.html">Français</a></li> -->
          <li class="ja"><a href="../ja/index.html">日本語</a></li>
          <li class="ko"><a href="../ko/index.html">한국어</a></li>
          <li class="zh"><a href="./getting-started.html">简体中文</a></li>
        </ul>
        <p>想用你的母语来了解 MyBatis 吗？那就将文档翻译成你的母语并提供给我们吧！</p>
      </subsection>
    </section>
  </body>

</document>
